,Username,Caption,Followers,Hashtags,Likes,Time since posted (hours)
0,mikequindazzi,Who are #DataScientist and what do they do? >> @MikeQuindazzi >> #MachineLearning #AI #DataAnalytics #DataScienc #DataLake >> https://buff.ly/2kYmF0s,1600,#MachineLearning #AI #DataAnalytics #DataScienc #DataLake,139,11
1,drgorillapaints,We all know where itâ€™s going. We just have toÂ #workresponsiblyÂ to postpone the date. This actually made into a business slideÂ #deckÂ .#macÂ #macintosh#sayhelloÂ #appleÂ #stevejobsÂ #aiÂ #evolution#artificialintelligenceÂ #machinelearning#terminatorÂ #illbebackÂ #technology#computerevolutionÂ #computerscience#sciencefiction#computersciencetosciencefiction#tomorrowstechnologyÂ #vrÂ #arÂ #robot#robotsÂ #t2Â #businessdeckÂ #businessslides#illustrationÂ #sketchesÂ #drawing,880,Â #deckÂ .#macÂ #macintosh#sayhelloÂ #appleÂ #stevejobsÂ #aiÂ #evolution#artificialintelligenceÂ #machinelearning#terminatorÂ #illbebackÂ #technology#computerevolutionÂ #computerscience#sciencefiction#computersciencetosciencefiction#tomorrowstechnologyÂ #vrÂ #arÂ #robot#robotsÂ #t2Â #businessdeckÂ #businessslides#illustrationÂ #sketchesÂ #drawing,23,2
2,aitrading_official,"Alexander Barinov: 4 years as CFO in multinationals, over 10 years of experience as financial advisory in Deloitte & EY, 6 of them as a partner. Focused on strategic management, finance, legal, and compliance. Worked for the global corporations including publicly traded companies. 5 years experience in trading at NYSE and LSE exchanges. #whoiswhoÂ #aitradingÂ #aiÂ #aitradingteam#instateamÂ #instapeopleÂ #aiÂ #trading#artificialintelligenceÂ #crypto#cryptocurrencyÂ #blockchainÂ #tradingforex#forexÂ #fiatmoneyÂ #coinsÂ #machinelearning#userexperienceÂ #instamachinelearning#instabigdataÂ #instamarketing#artificialintelligenceÂ #deeplearning#datascienceÂ #industryÂ #marketing#bigdataÂ #datascienceÂ #machinelearning#ml",255,#whoiswhoÂ #aitradingÂ #aiÂ #aitradingteam#instateamÂ #instapeopleÂ #aiÂ #trading#artificialintelligenceÂ #crypto#cryptocurrencyÂ #blockchainÂ #tradingforex#forexÂ #fiatmoneyÂ #coinsÂ #machinelearning#userexperienceÂ #instamachinelearning#instabigdataÂ #instamarketing#artificialintelligenceÂ #deeplearning#datascienceÂ #industryÂ #marketing#bigdataÂ #datascienceÂ #machinelearning#ml,25,2
3,opensourcedworkplace,sfad,340,#iotÂ #cre#workplaceÂ #CDOÂ #bigdataÂ #technology#techÂ #workÂ #computerscienceÂ #blockchain#softwaredeveloperÂ #machinelearning#smartcityÂ #artificialintelligence#futureofworkÂ #opensourceÂ #cybersecurity#aiÂ #softwareengineerÂ #engineering#smartcitiesÂ #developerÂ #autonomous#singularityÂ #webdeveloper#cryptocurrencyÂ #programmersÂ #crypto#iiotÂ #robot,49,3
4,crea.vision,"Ever missed a call while your phone was charging? Our system can notify you about the incoming call and offer to take it hands free. Youâ€™ll be able to walk around the house and carry on your conversation without carrying the phone with you. Listen to music, stream, or watch TV in a seamless flow from one room to another.",304,#instamachinelearningÂ #instabigdata#instamarketingÂ #artificialintelligence#industryÂ #deeplearningÂ #datascience#marketingÂ #machinelearningÂ #bigdata#artificialintelligenceÂ #instadailyÂ #tech#softwareÂ #softwareengineerÂ #technology#crea.visionÂ #techyÂ #artificialÂ #artificiale#ipictureofthedayÂ #marketingdigitalÂ #digital#liveÂ #betterÂ #enjoy,30,3
5,be.masterly,"Cyber attacks are more frequent every day and they can affect businesses of all sizes from all around the world. In theÂ #bemasterlyÂ course, youâ€™ll learn first-hand how to plan ahead and prevent potential attacks, how to detect an attack and importantly how to respond from a legal, public, internal and technical perspective https://buff.ly/2EeE0JS",1231,#edtechÂ #learning#educationtechnologyÂ #tech #learnnewskills #onlinelearning #teach #study #lifelonglearning #bigdata #chatbot #digitalliteracy #entrepreneurship #entrepreneur #startup #startupaus #studying #entrepreneur #machinelearning #coach #tech#techstartup #blockchain #videocourse #analytics,18,3
6,lenovoworkstations,Check it out â€“ weâ€™re walking across the ğŸŒâ€™s firstÂ #3DPrintedbridge w/ smart sensors for real-time data inÂ #VRÂ withÂ #ThinkRevolutionist@MX3DBridgeÂ #NXTBLDâ€¨.,259,.#Techâ€¨#virtualrealityâ€¨#IoTâ€¨#Machinelearning,35,3
7,kirellb,"Here's a network I made that depicts the scientific collaboration atÂ #EPFL. Based on Infoscience, the online archive of publications on the campus, authors are connected if they have co-published a paper.",1433,#datascientistÂ #creativetechnology#designÂ #artworkÂ #dataartworkÂ #dataart#innovationÂ #techÂ #startup#machinelearningÂ #deeplearningÂ #IAÂ #data#bigdataÂ #modernartÂ #contemporaryart#paintingÂ #datascience,86,4
8,ethicsandai,"Having a great week atÂ @ldntechweekÂ exploring what's new in the world of technology and listening to what the speakers have to say. It's so great, (and interesting!), to see so many people with a passion and common insterest gather on one place to discuss our world's future, and how technology will play it's part. @techxlr8",13,#LTWÂ #LondonÂ #TechXLR8Â #Technology#AIÂ #ArtificialIntelligenceÂ #MachineLearning#DataÂ #FutureÂ #EthicsÂ #HumanRights#WomenInTechÂ #WomenInSTEMÂ #OurWorld#LondonTechWeekÂ #EthicalTech#EthicsAndAI,22,4
9,diworksolucionesdeti,The Internet of Things : A Very Short Story [#Infographic]Â #WearableÂ #SensorsÂ #MachineLearning#IoTÂ #BigDataÂ #DigitalTransformation#futureofworkÂ #marketingÂ #analytics#bigdataÂ #CloudÂ #Blogging#ContentMarketingÂ #DigitalMarketingÂ ht:Â #BigDataÂ #MachineLearningÂ #AIÂ #IoT#infograp,450,[#Infographic]Â #WearableÂ #SensorsÂ #MachineLearning#IoTÂ #BigDataÂ #DigitalTransformation#futureofworkÂ #marketingÂ #analytics#bigdataÂ #CloudÂ #Blogging#ContentMarketingÂ #DigitalMarketingÂ ht:Â #BigDataÂ #MachineLearningÂ #AIÂ #IoT#infograp,18,7
10,databowl,Today we are featured in The Future CMO Magazine inÂ @thetimes@raconteur_londonÂ Go get a copy! Read more here: https://www.raconteur.net/sponsored/how-to-use-machine-learning-the-right-way-tool-for-a-new-marketing-paradigmÂ ,149,#artificialintelligenceÂ #futurism#machinelearningÂ #marketing#b2cmarketingÂ #thetimesÂ #thedrum#hubspotÂ #leadgeneration,31,7
11,edwisor_india,The IT industry is rapidly booming. Is your career booming along with it?Â Learn the right technologies to be a part of this fast-growing industry.Â Start free trial towards your dream career here: https://goo.gl/V92v5M,2232,#WedenesdayWisdomÂ #IndustryInsights#GetSkilledGetHiredÂ #reskillÂ #careergoals#DataScienceÂ #MachineLearning#MeanStackÂ #WebDevelopment#careergrowthÂ #technologyÂ #futuretrends#softwareÂ #startupÂ #GetSkilledÂ #GetHired#edWisorÂ #DreamJob,48,8
12,ubiqum,Just an average day for a programmer ğŸ˜–Â #workthroughitÂ .,1061,#webdevelopmentÂ #codingÂ #programming#codinglifeÂ #codeÂ #100daysofcodeÂ #java#programmerhumorÂ #javascriptÂ #html#cursosbarcelonaÂ #berlinÂ #css#datascienceÂ #stemÂ #workgoals#officegoalsÂ #learningÂ #machinelearning#getitdoneÂ #anotherdayÂ #instagood#dataanalysisÂ #educationÂ #motivation#barcelonaÂ #careersÂ #careeradvice,80,9
13,artificialintelligence.a.i,Tag him who promised to help you but he doesn't ğŸ˜’.ğŸ˜‚,533,#artificialintelligenceÂ #ai#machinelearning#deeplearningÂ #algorithmÂ #algorithmsÂ #cs#mlÂ #blockchainÂ #sopia#robotsÂ #project#aiproject#tag#it#boats#artificialintelligenceaiÂ #githubÂ #dataÂ #pythonÂ #RÂ #coding#programmingÂ #coderÂ #programmer,94,11
14,ansonmccade,Do you really needÂ #blockchain?,2904,#blockchaintechnologyÂ #blockchainsÂ #tech#technologyÂ #IoTÂ #InternetOfThings#BitcoinÂ #businessÂ #businessintelligence#BIÂ #AIÂ #ArtificialIntelligenceÂ #ML#MachineLearningÂ #infographicÂ #DL#DeepLearningÂ #dataÂ #bigdata#datascience,28,3
15,jennifercodes,I went to DevFest in DC and had so much fun. Heard some great talks and had fun at happy hour watching the robot derby,971,#googleÂ #Android#machinelearningÂ #womenwhocode#devfestdcÂ #gdg,53,3
16,eligible.api,"GG, you always have the best T-shirts! ğŸ”¥â„ï¸ğŸ’‰Â #codeblooded",285,#EligibleÂ #EligibleAPIÂ #HealthCare#HealthCareTechÂ #HealthITÂ #engineering#ProgrammingÂ #CodeÂ #SoftwareÂ #API#HIPAAÂ #AIÂ #MachineLearning#DeepLearningÂ #TechÂ #StartupLife#DataScienceÂ #securityÂ #Compliance,29,4
17,ale_borba,Let's talk about ML Kit for our Google Play Partners in Mexico!,520,#MxPartnerDayÂ #MLKitÂ #machinelearning#androidÂ #googleÂ #googleplay,46,4
18,amjstaffing,Shout out toÂ #LinkedInÂ for the awesome lunch-n-learn yesterday and hooking us up with all theÂ @linkedinÂ swag ğŸ‘•ğŸ˜ .,75,#engineerÂ #machinelearningÂ #automotive#automationÂ #machineryÂ #engineering#engineersÂ #wbeÂ #careersÂ #jobs#technologyÂ #roboticsÂ #robotsÂ #cncÂ #ai#machinesÂ #manufacturingÂ #wcw#puremichiganÂ #staffing,30,4
19,writtorg,"""It is this perfect accuracy, this lack of play, of variety, that makes the machine-made article so lifeless.""",2691,#newreadÂ #whattoreadÂ #summerreads#nowreadingÂ #readingislifeÂ #bookworm#booknerdsÂ #writtÂ #writtorgÂ #wellread#bookrecoÂ #bookrecommendations#whatareyoureadingÂ #igbooksÂ #igreads#bookclubÂ #bookaliciousÂ #classicliterature#classicbooksÂ #bestquotesÂ #quotes#goodreadsÂ #bookaddictÂ #bookoftheday#quoteofthedayÂ #machinelearning#machinesÂ #creativityÂ #art,34,4
20,superdatascience,Live Population in Manhattan (hour-by-hour). Gif credit:Â @citrusvanillaÂ .,966,Â #datascienceÂ #dataÂ #techÂ #technology#futureÂ #machinelearningÂ #ai#visualizationsÂ #dataisbeautiful,198,5
21,xotivtechnologies,The Various Aspects of Artificial Intelligence we should keep in mind. #Artificial #Intelligence is the new era for technologies to grow our business and provide powerful services.,334,#Artificial #Intelligence #AI #MachineLearning #DeepLearning #Robotics #BigData #Dataviz #Analytics #SMM #IoT #Sensors #Xotiv #NLP #datascience #graph #graphanalysis #visualisation #image #analytics #imageanalytics #coder #software #business #Development,19,2
22,onthetopsearch,"â€œNo one buys things from Facebook.â€ â€œInstagram is a fad.â€ â€œSnapchat will soon be gone.â€ We didnâ€™t buy into what traditional marketing agencies said and our clients have reaped the benefits. Now, traditional marketers are scrambling to learn what we have been doing for years.At On The Top Search, we donâ€™t quit. Ever. We will go to exhaustive measures to ensure your experience with us has a positive ROI. If not, drop us.",1041,#digitalmarketing #machinelearning#entrepreneurship #businessminded#fourthofjuly,20,2
23,mikequindazzi,8.5 billion more #smartphones by 2021 will help democratize #AI around the world >> @Qualcomm via @MikeQuindazzi >> #DeepLearning #MachineLearning#ArtificialIntelligence #IoT #BigData#HealthTech #IIoT #Mobile #Infographics >> http://buff.ly/2xcWSLb,4496,#DeepLearning #MachineLearning#ArtificialIntelligence #IoT #BigData#HealthTech #IIoT #Mobile #Infographics #smartphones #AI,11,2
24,data_enthusiast,"Interesting, most of them prefer that because all need high accuracy. Its also implemented in real life problem. It's joke but useful. I believe it most understandable by data science enthusiast. ",166,#data_enthusiast #dataanalytics#datascientist #datascience #algorithm#deeplearning #machinelearning #ai#traditional #learning #neuralnetworks#aspiringdatascientist #followyourownpath,10,2
25,programmer.io,"Keep trying different things and that's what I'm doing today too, trying my hands on raspberry pi. I'm completely new to electronics, haven't played with hardware before, hope this new experience goes well. .This is a simple hello world circuit which allows us to blink a LED and the script to do so is written in python language.Question: Please suggest some resources from where I could learn about electronics and hardware. Answer down in comments section.",1211,#development #react #vue #angular#software #javascript #html5 #nodejs#wordpress #teamtreehouse #worldcode#freecodecamp #css #hustle#eduacteyourself #machinelearning#codeuniverse #codegang #selftaught#365daysofcode #100daysofcode#curryandcode #webdev #codelife#webapp,46,2
26,coding.is.life,#Repost @wesabio Sometimes the truth hurts |,265,#Repost #Javascript #ReactJS #Ruby #GDPR #Graduation #Mobile#VueJS #JQuery #Developers #Programmers #JS #Gift #Dev #ArtificialIntelligence #MachineLearning #Linux#Humour #Humor #Fintech #API #Sysadmin #ML #WomenInTech #Ubuntu #Security#IIOT #Hackers #TechHumor,25,2
27,theminest_,Instructions unclear... ğŸ¤”. Started building two speakers and ended up with two mining rigs ğŸ¤¦â€â™‚ï¸,1618,#theminestÂ #miningrigÂ #gpumining#bitcoinminingÂ #bitcoinÂ #bitcoinmemes#cryptolifeÂ #cryptomemesÂ #cryptomining#ethereumÂ #litecoinÂ #cryptonewsÂ #altcoins#hodlÂ #hodlgangÂ #investinyourself#blockchainÂ #cryptoÂ #miningfarm#ethereumminingÂ #litecoinmining#bitcointradingÂ #bitcoinexchangeÂ #bitcoins#coinbase,148,20
28,philosophercoin,Check my profile to find out about more fundamental changes digital currencies are trying to impose on modern world economy.,279,#BitcoinÂ #Cryptocurrency#EthereumÂ #stockmarketÂ #currencytrading#digitalmarketingÂ #litecoinÂ #CurrencyÂ #ico#tokenÂ #miningÂ #BitcoinExchange#BlockchainÂ #moneyÂ #communityÂ #crypto#CryptoExchangeÂ #fiatÂ #forexÂ #altcoin#stocksÂ #profitÂ Â #investorÂ #investment#trader#forextraderÂ #nyseÂ #brokerÂ #forexnews#forexanalysis,43,4
29,philosophercoin,Isn't it funny to think that Bitcoin uses Artificial Scarcity to tackle inflation? - Follow me for more.,279,#BitcoinÂ #Cryptocurrency#EthereumÂ #stockmarketÂ #currencytrading#digitalmarketingÂ #litecoinÂ #CurrencyÂ #ico#tokenÂ #miningÂ #BitcoinExchange#BlockchainÂ #moneyÂ #communityÂ #crypto#CryptoExchangeÂ #fiatÂ #forexÂ #altcoin#stocksÂ #profitÂ Â #investorÂ #investment#trader#forextraderÂ #nyseÂ #brokerÂ #forexnews#forexanalysis,37,2
30,greenhousegroup,"Onze Angela en Niek hosten vandaag NextM, hÃ©t innovatieve marketingfestival van Nederland!",828,#nextmnl#groupmÂ #greenhousegroupÂ #eindhoven#effenaarÂ #InnovationÂ #marketingfestival#artificialintelligenceÂ #voice#conversationalmarketingÂ #blockchain,90,2
31,neondistrictrpg,"Character feature - The Architect - who wants toÂ #cosplayÂ this guy!? ğŸ™‹ğŸ»â€â™€ï¸ Concept art for a high-level, tank-y character class.",12,#cosplay#gamerguyÂ #conceptartÂ #cryptocurrency#handdrawnÂ #digitalartÂ #rpgÂ #pcgamer#comingsoonÂ #videogamesÂ #cryptogame#cyberpunkÂ #armorÂ #scifiÂ #dystopia#gamesÂ #blockchainÂ #instagamer#neondistrictÂ #degenÂ #themainspring,19,2
32,blocsidesports,#WorldCupÂ is here and BlocSide is bringing back our favorite game just for footballÂ #fansÂ around the world!Â #linkinbio . Play new rounds EVERYDAY and winÂ #mvp#tokens!,894,#sportsÂ #footballÂ #footyÂ #footballfans#footballplayerÂ #soccerÂ #soccerfans#soccerlifeÂ #fifaÂ #fifa18Â #fifaworldcup#blockchainÂ #spottheballÂ #gametime#fifagameÂ #playtowinÂ #playÂ #eyeontheprize#techÂ #technology,14,2
33,cryptocrackhead,"I officially spent the last of my tethers and available liquidity. All one can do now is be patient and remember why you bought Crypto in the first place. Mass adaption and bull run will follow shortly. Stay focused and blessed my fellow Cryptocrackhead's! Will be opening up our Telegram Group to the public soon, so stay tuned... the main event hasn't even begun yet. ğŸ˜œğŸš€ğŸ’°",610,#cryptocrackhead#blockchain#cryptocurrencyÂ #cryptoÂ #decentralise#bitcoinÂ #ethereumÂ #rippleÂ #dash#bitcoincashÂ #moneroÂ #eosÂ #cardanoÂ #tron#fiatÂ #millionaireÂ #tradingÂ #altcoinsÂ #money#futureÂ #biitcoinaireÂ #gainsÂ #funny#currencyÂ #coinbaseÂ #freedomÂ #binance#virtualÂ #aiÂ #coins,30,2
34,gsmusicgroupllc,gsmusicgroupllc#RepostÂ @savageland32withÂ @get_repost #SkrappdaGawdÂ New Music on ALL Platforms,226,#youtubeÂ #applemusicÂ #itunes#soundcloudÂ #spinrillaÂ #spotifyÂ #bigdata#blockchainÂ #dontbandwagonlater,273,2
35,iotatokennews,"Bartosz Kusmierz, Research Scientist atÂ #IOTAÂ Foundation,spoke at theÂ #WrocÅ‚awÂ #BlockchainÂ Meetup yesterday about IOTA!",1168,#IOTA #Wroclaw #Blockchain,13,2
36,bitpainting,"At 12 Noon EST today, BitPainting will be releasing a new work of rareÂ #blockchainÂ art! From Picasso to Van Gogh, build your iconic art collection on theÂ #ethereumÂ network!",835,#blockchain #ethereum,93,2
37,_linda_smith567,Hello ......You could see the excitement in her face .....one of my client who just cash out and still willing to invest more.Dm me for your trading help,124,#Ğ»ÑĞ±Ğ¾Ğ²ÑŒÂ #gmÂ #smeÂ #smenigeriaÂ #profits#businessownersÂ #businessplan#entrepreneurshipÂ #entrepreneur#blockchainÂ #cryptoÂ #cointelegraph#bitcoinpriceÂ #miningÂ #cryptocurrencies#bchÂ #bitcoinsÂ #litecoinÂ #investment#investorÂ #stockmarketÂ #stocksÂ #getrich#makemoneyÂ #makemoneyonline#mentorshipÂ #mentoringÂ #xrpÂ #bitfinex#altcoins,24,2
38,litebit.eu,"As a safety measure for your account, we ask you to enable 2FA security before any withdrawal or sell can be made. Note: withdrawals and sell orders can only be made 24 hours after setting up 2FA. For questions please contact our support channels ğŸ‘¨â€ğŸ”§Â #LiteBit",193,#bitcoinÂ #litecoinÂ #blockchain#cryptocurrencyÂ #rippleÂ #coinsÂ #tech#litebiteuÂ #ethereumÂ #reddcoinÂ #verge #Litebit,18,2
39,mikequindazzi,1 in 3Â #SmartphonesÂ will ship w/Â #MachineLearningÂ andÂ #ArtificialIntelligenceÂ at the chipset level by 2020 >>Â @MikeQuindazziÂ >>Â #IoTÂ #AIÂ 2018 Report >> https://buff.ly/2HV0VAQ,1600,#MachineLearning #artificialintelligence#AI #IoT,136,14
40,meganbloemsma,"Together with my colleague Valery we introduced potential partners toÂ #AzureÂ @spacesworksÂ #zuidas. It's great to see there's such an interest in Data & AI, and a lot of fun to come up with new ways to apply it with these companies. ğŸ¤“",258,#techtasterÂ #datagirl#womanintechÂ #technicalevangelist#technicalevangelismÂ #datascientist#datascienceÂ #datagirlÂ #ai#artificialintelligenceÂ #advancedanalytics#cognitiveservicesÂ #faceAPIÂ #demo#everydaytechdayÂ #womeninmicrosoft#womenintechÂ  #luisÂ #azureML#cognitiveservicesÂ #datainsights#microsoftpartner,24,2
41,ricmiqads,One rare and remarkable approach in the overheatedÂ #aiÂ market byÂ @ibmÂ ,105,#ai #artificialintelligence,8,2
42,hollympeck,Still on set. ğŸ™ƒ Can't tell you what it's for!,273,#artificialintelligence,41,2
43,artificial_quotes,Well... Allright then?Â Do you agree?ğŸ˜‚ğŸ˜‚,914,#quoteÂ #quotesÂ #quoteoftheday#quoteofthedayÂ #quotesoftheday#quotedÂ #quotedailyÂ #quotegram#quotesdailyÂ #quoteslifeÂ #quotetoday#quotesofinstagramÂ #quotefortheday#quotesforyouÂ #artificial#artificialintelligenceÂ #memeÂ #memes#funnymemeÂ #funnymemesÂ #memesdaily#inspiringÂ #funnyquoteÂ #funnyquotes#funnypostÂ #funnypicÂ #ridiculousÂ #wtfisthis,81,2
44,interwall,CEBIT 2018: Europas Business-Festival fÃ¼r Innovation und Digitalisierung,118,#cebit18Â #cebitÂ #hannoverÂ #cebit2018#ceyouinabitÂ #messehannover#hannovermesseÂ #artificialintelligence#kÃ¼nstlicheintelligenzÂ #informatik,16,2
45,entrancegmbh,Greetings fromÂ #CEBIT2018#PepperÂ is getting ready forÂ #afterwork#partyÂ #festivalÂ #tradefairÂ maybe we get onÂ #stageÂ withÂ #digitalism,122,#hannoverÂ #cebit#digitalisierungÂ #entrancegmbhÂ #wuppertal#startupÂ #iotÂ #AIÂ #artificialintelligence,31,2
46,usccareercenter,Today weâ€™re hosting Career Services and Academic advising professionals from acrossÂ @usceduÂ campus and international offices. Todayâ€™s topic is on â€œIn the Age of Artificial Intelligence: the Next Generation of Career Services.â€,1180, #AI #machinelearning #artificialintelligence #careerservices #studentlearning,24,2
47,_ehab.othman_,"""If you can imagine it, you can create it & if you dream it, you can become it "" ~ ğŸ€ğŸ–¤. Try out nodemon for runningÂ #pythonscripts automatically on changes instead of manually restarting everytime ... rock solid ğŸ¤–â˜•ğŸ‘Œ",3139,#worldcodeÂ #coding#pythonÂ #codeaholicsÂ #rstudioÂ #codinglife#worldofprogrammersÂ #datascience#machinelearningÂ #datavizÂ #dataÂ #statistics#macbookproÂ #peoplewhocode#codeismylifeÂ #datavisualization#artificialintelligenceÂ #digitalnomads#digitalnomadÂ #travel,51,3
48,anki7singh,asdsads,3725,#IoTÂ #CyberSecurityÂ #BigData#infosecÂ #DigitalTransformationÂ #AI#SecurityÂ #HealthcareÂ #mobileÂ #Analytics#techÂ #innovationÂ #TechNewsÂ #Defstar5#artificialintelligenceÂ #Infographics#BigDataÂ #CIOÂ #blockchainÂ #chatbots#startupsÂ #robotsÂ #roboticsÂ #startupÂ #ml#machinelearningÂ #artificialintelligence,43,3
49,mbnsolutions,"@pedrodoc82Â andÂ @michaely76Â from MBN are working in London today. Great to be talking Data Science, Analytics, Technology with our clients. If you are looking for a new job, register with us - www.mbnsolutions.com/jobs",935,#machinelearningÂ #artificialintelligence#blockchainÂ #dataÂ #datascienceÂ #analytics#technologyÂ #londonÂ  #hiring,20,4
50,triatebr,Imagine having access to the data of the air we breathe?,1766,#blockchainÂ #techÂ #startupsÂ #projetos#linuxÂ #ethereumÂ #programmer#InternetdasCoisasÂ #smartcontract#internetofthingsÂ #technologyÂ #disruption#mobileÂ #nodemcuÂ #hyperledgerÂ #chain#programmingÂ #smartcontracts#hyperledgerfabricÂ #artificialintelligence#iotÂ #fintechÂ #industry40Â #cloud#mobilelegendsÂ #drones#personaldevelopmentÂ #healthy,25,4
51,orcan_intel,Global warming visualised.,2277,#dataÂ #bigdataÂ #datavisualization#datascienceÂ #artificialintelligence,157,4
53,funnelaico,Lead with theÂ #AIÂ advantage.,87,#AIÂ #machinelearningÂ #auto#realtorsÂ #tech#fitnessÂ #socialselling#artificialintelligence#localÂ #sanantonio#realestateÂ #socialmedia#businessÂ #sa#generatorÂ #carÂ #innovation#cardealers#entrepreneursÂ #COOÂ #app#salesÂ #ML,24,4
54,iamalexleyva,Artistes & Robots ğŸ¤–âš¡ï¸,2785,#digitalartÂ #artedigitalÂ #parisÂ #technology#dataÂ #visualartÂ #exhibitionÂ #multimedia#tecnologiaÂ #lightingÂ #visualcontent#lavilleteÂ #interactiveÂ #scienceÂ #creativity#creatividadÂ #grandpalais#artistesandrobotsÂ #artificialintelligence#inteligenciaartificialÂ #aiÂ #robotsÂ #robotics#machineÂ #orlanÂ #ryojiikedaÂ #immersive#electronicartsÂ #perceptionÂ #hybrid,65,7
55,astrokpj,"Was invited to speak at the annual Machine Learning conference on the role of Artificial Intelligence in big physics experiments such as LIGO. Much potential for astrophysics to collaborate with Tech giants Google, IBM and other large experiments at CERN.",3448,#artificialintelligenceÂ #machinelearning#bigdataÂ #supercomputerÂ #science#astrophysicsÂ #astronomyÂ #einstein#relativityÂ #theoryofrelativityÂ #georgiatech#computerscienceÂ #blackholeÂ #universe#cosmos,349,24
56,big.data.hush,"Recently, computer scientists have been working on teaching machines to do a wider range of tasks around the house. In a new paper spearheaded by MIT's Computer Science and Artificial Intelligence Laboratory (CSAIL) and the University of Toronto, researchers demonstrate ""VirtualHome,"" a system that can simulate detailed household tasks and then have artificial ""agents"" execute them, opening up the possibility of one day teaching robots to do such tasks.",530,#bitcoin #ethereum #BTC#fun #Profit #success #business#motivation #rich #economy#cryptocurrency #news #fact #news#quotes #quote #Google #robot #laugh#ArtificialIntelligence #MachineLearning#DeepLearning #AI #Technology #Robotics#News #Facts #Fact #Startup #Joke,17,2
57,iamjunkbot,Reuse trash to create robots!Junkbot Robotic kit enables both kids and adults to build and create robots from junk materials!See link in our bio for more info!,3147,#junkbot #edukit #superbots #robotickits#arduino #parents #education#tipsforparents #kids #learn #recycle #code#design #innovate #invent #steameducation#technology #uae #dubai #robotics#buildyourownrobot #diyrobot#trashtotreasure #diy #artificialintelligence#robotfromjunk #stem,10,2
58,ivarski,Morning swim before the sun is up ğŸ‡®ğŸ‡¹â˜€ï¸,918, #livinginitaly #tuscanyitaly#summerinitalyğŸ‡®ğŸ‡¹ #startup #startuplife#artificialintelligence #algorithm#voicebiometrics #myvoiceai,21,2
59,mikequindazzi,8.5 billion more #smartphones by 2021 will help democratize #AI around the world >> @Qualcomm via @MikeQuindazzi >> ,4496,#DeepLearning #MachineLearning#ArtificialIntelligence #IoT #BigData#HealthTech #IIoT #Mobile #Infographics #smartphones #AI,11,2
60,roland.busch,Very impressed by the ingenuity of our PhD students. Great to meet you at @Siemens Young Researcher Forum in Nuremberg! You really drive ,145,#Innovation in #Connectivity #EdgeDevices#EnergyStorage #EnergyDistribution #DataAnalytics #ArtificialIntelligence,16,2
61,oboteo.ai,Every business has data. Are you getting the most you can from yours? Find out how we can help visit OBOTEO.com and ask about our Data Consultancy service Bringing #AI to #DUBAI,11,#AI #DUBAI #artificialintelligence #neuralnetworks #datascience #bots #machinelearning #naturallanguageprocessing #dubai,10,3
62,cris.nemeth,All black & shiny âœ¨âœ¨Â ,577,#allblackeverythingÂ #applewatch#applewatchseries3Â #38mmÂ #swarovski#pandoraÂ #weekendvibesÂ #styleÂ #fashion#techÂ #startup,27,2
63,interplayofficial,"OnÂ the auspicious occasion of Eid, Interplay would like to wish you abundance, happiness, and lots of blessings.",66,#InterplayÂ #EidMubarakÂ #EidulFitrÂ #Eid#EidblessingsÂ #EidBliss#EidSaeedÂ #Eid2018#DigitalMarketingAgencyÂ #SocialMedia#digitalmarketingÂ #onlinemarketing#startupÂ #creativeagencyÂ #growdigitally,16,3
64,alpha_mentor_,"Double TAP if you support this message & TAG who would love to motivate, empower and inspire! Follow ğŸ‘‰Â @alpha_mentor_  ğŸ’¡ Turn On Post Notifications To See New Posts. ğŸ’¡ Share With Friends & Family",89,#mentoringÂ #enterprenuershipÂ #grind#hustleÂ #learnÂ #educationÂ #startup#dreamworkÂ #successquotesÂ #build#empireÂ #startuplifeÂ #businessowners#ambitionÂ #dreamsÂ #goalsÂ #lifegoals#goforitÂ #nevergiveupÂ #sucessmindset#businesswomanÂ #businessman#businesslifeÂ #enterpreneurlifestyle#goodlifeÂ #motivatedÂ #enterpreneurmindset#millionairemindset,19,2
65,magnodc,AcciÃ³n es la mejor arma ğŸŒğŸ°,2014,#moneymakerÂ #startupÂ #entrepreneurlife#entrepreneursÂ #entrepreneurlifestyle#entrepreneurshipÂ #onlinemarketing#motivationalÂ #millionairemindset#successfulÂ #millionairelifestyle#businesswomanÂ #inspiredaily#businessmanÂ #founderÂ #businessowner#youngentrepreneurÂ #startuplifeÂ  #igersperu#discoverperuÂ #sudamericaÂ #ig_peru_#experienceperuÂ #exploreperuÂ  #focalmarked #motivationÂ #tbtÂ #followme,29,2
66,thebeautymindset,Im limited edition ğŸ’ -------------------------------ğŸ“£ Donr forget to TURN ON notification ----,151,thebeautymindset#businessman#quoteofthedayÂ #businessowner#businesswomanÂ #successÂ #grind#motivationÂ #motivationalÂ #lifestyle#happinessÂ #entrepreneurs#entrepreneurlifeÂ #business #workingÂ #founder#startupÂ #moneyÂ #magazineÂ #moneymaker#startuplife #successfulÂ #passionÂ #inspiredaily#hardworkÂ #hardworkpaysoffÂ #desire,31,2
68,shine_my_idol,Life is all about the next stepğŸ’,371,#Entrepreneur#Business#Entrepreneurship#WontStop#Mindset#Success#Hustle#Freedom#BusinessOwner#OnlineBusiness#Coaching#Ambition#Inspire#ThinkBig#Startup#HardWork#Businessman#BeYourOwnBoss#SmallBusiness#Believe#Motivate#MentorÂ orÂ #mentoring#Givingback#InternetBusiness#Successe,19,2
69,greg_turner44,"Join the international community of forex trading and change your financial situation with knowledge on binary and forex tradingÂ Grow your investment and smile tomorrow. With such an investment of $500 your guaranteed of making $4835 back as profit in a time frame of 14 days. This is no scam or joke, totally legitimate. DM me now for more info on my trading platform.",1003,#forexÂ #richÂ #wealthÂ #millionaireÂ #invest#wallstreetÂ #businessÂ #entrepreneurs#startupÂ #startupsÂ #startuplifeÂ #technology#techÂ #digitalÂ #computerÂ #gadgetÂ #gadgets#geekÂ #geeksÂ #mediaÂ #newslolÂ #books#readingÂ #readÂ #entrepreneurship#businessmanÂ #readerÂ #marketingdigital#goodreadsÂ #seo,40,2
70,siansocial,Have a great weekend all! ğŸ’œğŸ’œğŸ’œ,1200,#weekendÂ #chillÂ #chillingÂ #Summer#founderÂ #startupÂ #smallbusinessÂ #smallbiz#contentmarketingÂ #consulting,21,2
71,meaningful_quotee,Do u agree??,383,#businesspassion#businessÂ #toptagsÂ #entrepreneurship#grindÂ #hustleÂ #learnÂ #educationÂ #startup#successÂ #successquotesÂ #build#startuplifeÂ #businessownersÂ #ambition#dreamÂ #goalsÂ #lifegoalsÂ #goforit#nevergiveupÂ #successmindset#businessmanÂ #businesswoman#businesslifeÂ #entrepreneurlifestyle#goodlifeÂ #entrepreneurÂ #motivated#businessownersÂ #motivation,50,2
73,bitcoinebook,"HiÂ #cryptomaniacÂ friend, this is an advice for you! Do you think different? Do you want an example? Explore our BIO ğŸ‡¬ğŸ‡§ ğŸ‡®ğŸ‡¹ Follow me and I returnğŸ˜",2372,#bitcoinsuperstarÂ #tonylocorriere#blockchainÂ #hodlÂ #holdÂ #marketÂ #crypto#nowÂ #walletÂ #product,10,2
74,iamjaradwright,Go get yours now! .,740,#productÂ #moderndesignÂ #concept#designingÂ #designsÂ #interiorarchitecture#designersÂ #prototypeÂ #instadesign#menswearÂ #ootdmenÂ #lookoftheday#snobshotsÂ #streetwearÂ #urbanfashion#fashiondiariesÂ #menwithstreetstyle#menstyleÂ #fashionkillerÂ #fashiongram#weloveatlÂ #whyiloveatlÂ #discoveratl#atlantacollectiveÂ #igersatlanta#atlantasnapsÂ #djiÂ #djimavicÂ #dronestagram#drones,35,2
75,rare.planet,Our most selling hand painted kettle!! Order this beautiful kettle now!! .,2573,#rareplanetÂ #shopatrareplanetÂ #India#indiangoodÂ #kolkataÂ Â #calcutta#handpaintedÂ Â #homedecorÂ #gifts#terracottaÂ #kettlesÂ #product #likesforfollowÂ #like4likeÂ #instalike#like4likebackÂ #likes4tags,119,2
76,flornasweets,Its a unicorn kind of day ğŸ’–.,181,#cookieÂ #cookierÂ #bakingÂ #icingÂ #flooding#creativeprocessÂ #treatsÂ #sweetÂ #sets#productÂ #cuteÂ #yummyÂ #flornasweets#bakeryÂ #smallbusinessÂ #colourfulÂ #bbq,11,2
77,lpsahil,Dude...That's Huge! A Super Massive Lathe!,631,#exklusive_shotÂ #trb_autozone#carsofinstagramÂ #automotivegramm#carstagramÂ #ptk_vehiclesÂ #classiccars#automotivedailyÂ #visualoflifeÂ #product#moderndesignÂ #conceptÂ #designing#designsÂ #interiorarchitectureÂ #designers#prototypeÂ #instadesignÂ #designporn#innovationÂ #incredibleindia#photographers_of_indiaÂ #indiagram#storiesofindiaÂ  #indiaclicksÂ #androidography#androidnesiaÂ #abstractÂ #industry,55,2
78,vaultcolombia,Nike Air 270. Pocas unidades disponibles. InformaciÃ³n DMğŸ“¥,246,#gearÂ #mensfashionÂ #womenfashionÂ #lids#productÂ #newfamilyÂ #importÂ #export#borondoÂ #powerÂ #powerliftingÂ #snapback#luxuryÂ #holidayÂ #customÂ #crossfitÂ #bogota#bogotagymÂ #bogotacolombiaÂ #bogotadc#starkgymÂ #fitlifeÂ #candyÂ #sponsor#followforfollowÂ #follow4follow,12,2
80,mrproductionmiami,â€œThe picture that you took with your camera is the imagination you want to create with reality.â€ğŸ‘ ğŸ’¥Good weekend to everyone ğŸ˜€,140,#roamtheplanetÂ #travelphotography#visualoflifeÂ #beachlifeÂ #dametraveler#artofvisualsÂ #islandhopping#flashesofdelightÂ #thecreativeÂ #product#moderndesignÂ #conceptÂ #designing#designsÂ #interiorarchitectureÂ #designers#prototypeÂ #instadesignÂ #designporn#innovationÂ #igersmiamiÂ #miaexplore#miamiphotographerÂ #ig_miami#roamfloridaÂ #lifestyle_miamiÂ #panasonic#lumixÂ #panasoniclumixÂ #gh5,28,2
81,ah_studio_,Hatsu Veggie Milk ğŸ¯ Ref 02. Piece O1 - 03,888,#hatsuÂ #hatsuloversÂ #designÂ #artdirection#setdesignÂ #funÂ #colorsÂ #veggieÂ #milk#alejandroherradaÂ #cinema4d#hatsuveggiemilkÂ #productÂ #graphicdesign#3dÂ #boxÂ #diseÃ±ocolombianoÂ #cgiÂ #fun#colorsÂ #veggieÂ #milk,43,2
82,illumensfragrance,"simple elegance fromÂ @mumzynotjessÂ featuring Illumens â€˜Poire 1796â€™ diffuser. We love seeing our products in your beautiful homes, thank you Jess",845,#repostÂ #interiors#whiteÂ #elegantÂ #simpleÂ #minimal#poire1796Â #scentyourhome#illumensfragranceÂ #loveillumens#whiteblogÂ #productÂ #whiteinteriorsÂ #home,31,2
83,applewantnews,"Apple is looking beyond just TV with a push for animated feature film. Based on appleinsider (ai), the company is in negotiations with Oscar-nominated Irish studio, Cartoon Saloon, known for movie like 'The Secret of Kells' and more. Apple intents to handle distributions and preparing to launch high-budget TV slate sometimes in 2019, as soon as March.",91,#tvOSÂ #AppleÂ #AppleNewsÂ #AppleDesign#WWDCÂ #WWDC18Â #WWDC2018#applewatchÂ #iphoneÂ #tvÂ #2018Â #ios12#interestingÂ #conceptsÂ #iphonese#iphonese2Â #productÂ #notconfirmed#budgetÂ #unknownÂ #cartoonÂ #high#instagram,14,3
84,pazrahn,The Peter McKinnon - Created this ridiculous mini cinema rig from left over camera gear. The inspiration came from YouTubers like Peter McKinnon so I named this rig after him. Perfect for filming coffee to making sweet low walking shots and epic selfie videos.,361,#pmbrollchallengeÂ #Canon#AtomosÂ #PanasonicÂ #MovoÂ #MovoVXR10#SonyÂ #CanonLegriaMiniXÂ #LegriaMiniX#CineÂ #LutsÂ #CanadaÂ #SmallRigÂ #product#moderndesignÂ #conceptÂ #designing#designsÂ #interiorarchitecture#magnumphotosÂ #streetlifeÂ #documentary#exploreaustraliaÂ #australiagram#ilovesydneyÂ #canonphotosÂ #canoneos,33,3
86,eric_pond_designs,256/365 - Ski Goggles,361,#sketchadayÂ #sketchingÂ #sketchbook#sketchÂ #drawingÂ #artÂ #illustrationÂ #marker#renderingÂ #touchÂ #photography#photoofthedayÂ #pictureÂ #picoftheday#instagoodÂ #instasketchÂ #likeÂ #loveÂ #follow#industrialdesignÂ #productdesignÂ #product#designÂ #ideationÂ #toolsÂ #instilldesign,43,4
87,onlyonecoops,"Love coaching these boys! Hard working, dedicated, and willing to learn. Already one of the best teams in Salford.",262,#grassrootsÂ #development#kidsplayingfootballÂ #kidslearning#kidshavingfunÂ #manchesterfaÂ #salford#delasalletournamentÂ #montonÂ #properclub#doingthingstherightwayÂ #montonsports#u6sÂ #newgeneration,9,2
88,brad_0611,"Living in Texas is easy, even if your standards are high ğŸ˜ğŸ’â€â™‚ï¸ //",1158,#frisco#dallasÂ #dfwÂ #texasÂ #newconstruction#economyÂ #developmentÂ #landscaping#designÂ #ivoteyes,29,2
90,the_ios_developer,4K Ai,863,#developerÂ #codingÂ #programmerÂ #javascriptÂ #programmingÂ #softwareÂ #php#webdeveloperÂ #computerscienceÂ #htmlÂ #cssÂ #webdevelopmentÂ #javaÂ #coderÂ #html5#webdevÂ #backendÂ #programmersÂ #softwaredeveloperÂ #softwareengineeringÂ #python#webdesignÂ #frontendÂ #developmentÂ #css3Â #wordpressÂ #codeÂ #webdesignerÂ #js,32,2
91,swiatik,"Last week was pretty busy, so I had no chance to report any news ğŸ‘¨ğŸ»â€ğŸ’»ğŸ™ƒ",971,#designÂ #instaphotoÂ #inspiration#premierproÂ #oreoÂ #videoeditingÂ #isetups#aftereffectsÂ #colorÂ #colorcombination#workÂ #workspaceÂ #development#hardworkÂ #dayoutÂ #krakowÂ #programming#illustrationÂ #photographerÂ #photoÂ #life#likeforlikesÂ #likeforfollowÂ #followme#folow4folowÂ #gooddayÂ #goodweek,46,2
92,caseyjmcclure,"Picked up this roubo bookstand from my buddy over atÂ @holdfastcreationsÂ and it serves its purpose really well. Got a new book to use it for too, which is also pretty good.Â #theverticaldietfeeds my body, but I still have to feed my mind. Cyber is a beautiful battlefield.",106,#cybersecurityÂ #programmerÂ #development#nerdÂ #mentalfitness,12,2
93,benasdzimidas,60% off Lux Light until Monday! Get your copy now @ bit.ly/getluxlightÂ â €â €â €â €,179,#androidÂ #designÂ #development#benasdzimidasÂ #graphicdesignÂ #launcher#customisationÂ #materialÂ #flatÂ #flatshadow#iconographyÂ #uiÂ #uxÂ #graphicdesigner#graphicdesignÂ #photoshopÂ #illustrator#adobeÂ #colorÂ #vectorÂ #creativeÂ #follow#wallpaperÂ #wallpapersÂ #androidwallpaper#photographyÂ #minimalÂ #architectureÂ #text#sale,20,2
94,praveen_rangasubhe,ğŸ˜‚ğŸ˜‚,49,#htmlÂ #html5Â #webdeveloper#websitedesignÂ #htmlcssÂ #web#developmentÂ #developerÂ #code#programming,24,3
95,michaelgarza__,"328 S. Wetherly Drive, Beverly Hills, CA 90212. This beautiful new construction our team completed in early May 2018 was sold before the framing was even started!! I am kidding, but it sure felt that way!",614,#beverlyhillsÂ #realestate#losangelesrealestateÂ #gc&managementÂ #standardoilÂ #standardoilrealty#luxuryrealestateÂ #luxurydesign#losangelesÂ #designerÂ #development#homesÂ #interiordesignÂ #hustle#luxurylifestyle,31,3
96,dvlp_search,CreditÂ @tristankappelÂ To find more dvlp followÂ @dvlp_searchÂ New workspace ğŸ–¥ğŸ’»âŒ¨ï¸!,450,#workspaceÂ #workÂ #developer#developmentÂ #developerlifeÂ #appleÂ #imac#macbookÂ #macbookproÂ #blackandwhite#coderÂ #codeÂ #codingÂ #htmlÂ #cssÂ #php#wordpressÂ #javascriptÂ #dvlp_searchÂ #linux#ubuntuÂ #webdeveloperÂ #webdev#webdevelopmentÂ #devÂ #coderÂ #coding#code,42,3
97,ecom.space,"We are coming up with the Best 21 Books that will change your mind about Life, Money and Your self Campaign this week!!We will post this books with genuine reviews from Amazon.com ! Hope you will enjoy this and try to read this amazing books!! Stay Tuned !! ğŸ˜‰â¤ï¸",182,#booksÂ #bookÂ #motivationÂ #inspirationÂ #life#bookloverÂ #lifebook2018Â #loveÂ #finance#personalityÂ #trainingÂ #growth#developmentÂ #musthaveÂ #instadaily#trendingÂ #salesÂ #happyÂ #knowledge#knowledgeispowerÂ #amazonÂ #fictionÂ #scifi#hotsaleÂ #artÂ #biographyÂ  #autobiography#selfhelpÂ  #offers,10,3
98,lb3enterprises,"Weâ€™re only paid to move dirt once. Itâ€™s not just about excavating but placing it too. If fills arenâ€™t properly planned for and executed, it can lead to moving material a second time which you donâ€™t get paid for. Thatâ€™s where good managers and operators who envision the final product are key. Weâ€™re hiring operators and grade checkers - send us an email at jobs@lb3enterprises.com to apply!",2039,#heavyequipmentÂ #underconstruction#dozerÂ #realestateÂ #bluecollarÂ #D10#ibuildamericaÂ #earthmoverÂ #caterpillar#demolitionÂ #miningÂ #dumptruckÂ #builtforit#truckÂ #trucksÂ #underconstruction#engineeringÂ #ironworkerÂ #construction#developerÂ #dirtÂ #constructionworker#safetyÂ #madeinamericaÂ #excavator#civilengineeringÂ #quarryÂ #Americanmade#developmentÂ #operator,222,3
99,palmariusdev,ObtÃ©n tu tienda en lÃ­nea ahora.,741,#marketingÂ #programming#developmentÂ #desarrolloÂ #webdesign#diseÃ±owebÂ #frontendÂ #backendÂ #apps#appÂ #mobileappsÂ #aplicacionesÂ #espaÃ±a#panamaÂ  #argentinaÂ #chileÂ #uruguay#digitalmarketingÂ #socialmedia#ecommerceÂ #tiendaonlineÂ #design#startupÂ #emprenderÂ #websiteÂ #paginaweb#followmeÂ #workÂ #businessÂ #empresa,109,3
